org.antlr.v4.runtime.atn.ATNState.transition,0.3835
org.springframework.util.ConcurrentReferenceHashMap$Segment.findInChain,1.5660
org.h2.command.Tokenizer.extractIdentifier,0.4285
org.hibernate.query.sqm.sql.BaseSqmToSqlAstConverter$$Lambda/0x0000000017b8a9a8.<init>,0.4577
java.lang.StringConcatHelper.newArray,0.0000
org.springframework.samples.petclinic.service.ClinicServiceTests.shouldUpdateOwner,0.4285
org.springframework.util.ConcurrentReferenceHashMap.computeIfAbsent,1.2028
sun.security.ssl.CipherSuite.<clinit>,0.4577
org.apache.catalina.core.ApplicationDispatcher.wrapRequest,0.0231
org.hibernate.engine.jdbc.env.internal.JdbcEnvironmentInitiator$TemporaryJdbcSessionOwner.<init>,0.3708
java.lang.invoke.MethodHandles$Lookup.unreflectField,0.3708
org.springframework.data.mapping.context.AbstractMappingContext.<init>,0.3835
org.springframework.data.jpa.repository.query.JpaQueryEnhancer$HqlQueryParser.<init>,0.7670
java.lang.String.subSequence,0.3867
java.util.jar.JarFile.getEntry,1.1383
java.io.UnixFileSystem.resolve,0.3660
org.springframework.boot.webmvc.autoconfigure.WebMvcAutoConfiguration$WebMvcAutoConfigurationAdapter.viewResolver,0.3941
java.lang.classfile.ClassHierarchyResolver.cached,0.3444
org.springframework.boot.test.context.ImportsContextCustomizer$ContextCustomizerKey.equals,0.3886
jdk.internal.reflect.MethodHandleAccessorFactory.makeConstructorHandle,0.3867
ch.qos.logback.core.subst.Tokenizer.tokenize,0.4285
net.bytebuddy.dynamic.scaffold.InstrumentedType$Factory$Default.subclass,0.3660
jdk.xml.internal.JdkXmlFeatures.<init>,0.0000
java.lang.AbstractStringBuilder.append,0.8171
java.lang.invoke.MethodHandle.asVarargsCollector,0.8037
tools.jackson.databind.cfg.MapperBuilder.<clinit>,0.0000
org.h2.engine.SessionLocal.getMode,0.3886
org.apache.maven.surefire.shared.lang3.Strings.startsWith,0.3500
java.lang.invoke.InvokerBytecodeGenerator.emitStoreResult,0.3500
net.bytebuddy.jar.asm.MethodVisitor.<init>,0.4020
org.hibernate.query.hql.internal.HqlParseTreeBuilder.buildHqlParser,0.3835
jdk.internal.classfile.impl.BoundAttribute$BoundBootstrapMethodsAttribute.<init>,0.3835
sun.security.ssl.SSLCipher.isTransformationAvailable,0.4577
java.lang.invoke.MethodType.checkPtypes,0.3941
sun.reflect.generics.parser.SignatureParser.parseIdentifier,0.3712
java.util.concurrent.ConcurrentHashMap.putVal,2.6643
java.math.BigInteger.add,0.3712
java.util.jar.JarFile.getManifestFromReference,0.3941
java.time.format.DateTimeFormatterBuilder$NumberPrinterParser.format,0.4020
org.junit.platform.launcher.jfr.FlightRecordingExecutionListener.executionSkipped,0.3444
org.h2.util.TimeZoneProvider.<clinit>,0.3712
org.junit.jupiter.engine.descriptor.TestMethodTestDescriptor.cleanUp,0.4285
org.thymeleaf.util.ProcessorComparators$ProcessorPrecedenceComparator.compare,0.3634
org.h2.engine.ConnectionInfo.readSettingsFromURL,0.3712
org.springframework.core.annotation.MergedAnnotationsCollection.isPresent,0.3867
org.hibernate.metamodel.model.domain.internal.JpaMetamodelImpl.buildMappedSuperclassType,0.3835
org.hibernate.boot.model.internal.AnnotationBinder$$Lambda/0x00000000176f8000.<init>,0.3708
java.util.concurrent.ConcurrentHashMap.putIfAbsent,0.0184
net.bytebuddy.description.type.TypeDescription$Generic$OfWildcardType$ForLoadedType.getLowerBounds,0.4020
java.util.zip.ZipCoder.hash,0.3444
java.lang.invoke.Invokers$Holder.linkToTargetMethod,0.7572
org.h2.command.dml.Call.query,0.3712
org.junit.platform.engine.support.store.NamespacedHierarchicalStore.close,0.4020
org.springframework.test.web.servlet.result.ModelResultMatchers.attributeHasFieldErrorCode,0.4201
sun.security.ssl.SSLSocketFactoryImpl.createSocket,0.4577
org.hibernate.query.sqm.internal.ConcreteSqmSelectQueryPlan.<init>,0.4577
java.lang.reflect.ReflectAccess.getExecutableSharedParameterTypes,0.3867
sun.security.util.SignatureFileVerifier.matches,0.3660
java.util.AbstractCollection.addAll,0.4201
org.springframework.data.jpa.repository.query.JpqlQueryBuilder$Select.render,0.4285
org.springframework.boot.tomcat.autoconfigure.TomcatWebServerFactoryCustomizer.customize,0.3712
org.thymeleaf.standard.processor.AbstractStandardFragmentInsertionTagProcessor.doProcess,0.3634
org.springframework.core.convert.TypeDescriptor.valueOf,0.3941
sun.security.x509.BasicConstraintsExtension.<init>,0.4577
org.hibernate.type.TypeHelper.deepCopy,0.4285
java.util.zip.ZipFile$Source.getEntryPos,19.1796
net.bytebuddy.description.type.TypeList$Generic$ForLoadedTypes$OfTypeVariables.<init>,0.3660
java.util.Arrays.fill,0.8649
org.hibernate.sql.ast.spi.SqlExpressionResolver.<clinit>,0.3835
org.springframework.data.mapping.model.AnnotationBasedPersistentProperty.lambda$populateAnnotationCache$1,0.3835
java.util.StringTokenizer.scanToken,0.3886
org.springframework.core.ResolvableType.forClass,0.4285
jdk.internal.classfile.impl.RawBytecodeHelper.dest,0.3867
org.thymeleaf.standard.expression.ExpressionParsingState.insertNode,0.4201
org.hibernate.persister.collection.AbstractCollectionPersister.hasCache,0.4285
sun.security.rsa.SunRsaSign.<init>,0.0000
org.h2.mvstore.tx.TransactionMap.chooseIterator,0.3712
org.junit.platform.launcher.jfr.JfrUtils.registerListeners,0.3500
org.springframework.core.ResolvableType.isInstance,0.7883
java.lang.Object.notifyAll,0.0003
javax.management.ImmutableDescriptor.union,0.3941
org.springframework.beans.factory.annotation.AutowiredAnnotationBeanPostProcessor$AutowiredFieldElement.inject,0.3941
org.springframework.util.ConcurrentLruCache$Node.<init>,0.0184
org.hibernate.boot.models.internal.OrmAnnotationHelper.forEachOrmAnnotation,0.3708
sun.nio.ch.Net.accept,0.6669
org.springframework.beans.factory.annotation.InjectionMetadata.needsRefresh,0.3867
org.springframework.data.web.config.ProjectingArgumentResolverRegistrar$ProjectingArgumentResolverBeanPostProcessor.<init>,0.3867
org.springframework.beans.factory.support.ConstructorResolver.instantiateUsingFactoryMethod,0.3886
java.lang.invoke.MethodHandle.asTypeUncached,0.3660
org.springframework.boot.context.properties.source.SpringConfigurationPropertySource.getConfigurationProperty,0.4201
net.bytebuddy.ByteBuddy.subclass,0.3660
java.util.ResourceBundle$BundleReference.<init>,0.3712
java.lang.StringLatin1.lastIndexOf,1.1362
org.h2.mvstore.db.MVPrimaryIndex.add,0.3712
java.lang.String$$StringConcat/0x0000000017044c00.concat,0.4072
java.lang.PublicMethods$Key.matches,0.3886
java.nio.ByteBuffer.limit,1.5499
org.springframework.core.type.classreading.ClassFileClassMetadata.of,0.4072
org.springframework.boot.context.properties.source.MapConfigurationPropertySource.<init>,0.3444
java.lang.CharSequence.isEmpty,0.7516
org.springframework.util.ConcurrentReferenceHashMap$Segment.restructure,0.3835
java.util.zip.Checksum.update,0.7543
java.lang.ref.Reference.processPendingReferences,0.0004
java.time.format.DateTimeFormatter.<init>,0.0000
org.springframework.core.annotation.TypeMappedAnnotation.<init>,0.3941
java.nio.file.FileTreeWalker.wouldLoop,0.3886
sun.net.www.protocol.jar.Handler.parseURL,0.3712
org.junit.platform.engine.support.store.NamespacedHierarchicalStore$CompositeKey.hashCode,0.3444
org.springframework.util.ReflectionUtils.findMethod,0.4285
java.lang.Throwable.fillInStackTrace,5.0929
org.springframework.util.ObjectUtils.nullSafeEquals,0.3444
jdk.internal.reflect.ConstantPool.getIntAt0,0.3867
org.springframework.boot.context.properties.source.SystemEnvironmentPropertyMapper.isLegacyAncestorOf,0.4201
org.h2.index.IndexType.<init>,0.3886
org.hibernate.validator.internal.metadata.core.ConstraintHelper$$Lambda/0x0000000017746510.<init>,0.3886
java.util.AbstractList$RandomAccessSpliterator.getFence,0.3500
org.springframework.util.UnmodifiableMultiValueMap.<init>,0.4201
java.util.HashMap.get,0.7703
org.hibernate.models.internal.AnnotationDescriptorBuilding.extractAttributeDescriptors,0.3708
ch.qos.logback.classic.Logger.recursiveReset,0.4020
org.thymeleaf.util.ProcessorConfigurationUtils$AbstractElementProcessorWrapper.getMatchingElementName,0.0231
java.util.ArrayList.iterator,0.4285
org.h2.command.query.Select.isEverything,0.4285
org.hibernate.validator.internal.engine.AbstractConfigurationImpl.<init>,0.0000
java.lang.ClassLoader.defineClass0,12.1752
java.lang.ClassLoader.defineClass1,79.4875
sun.nio.ch.ServerSocketChannelImpl.<init>,0.3941
java.lang.ClassLoader.defineClass2,1.8309
jdk.internal.misc.Unsafe.park,0.4724
jdk.internal.classfile.impl.ClassReaderImpl.superclassEntry,0.4072
java.util.ArrayList.<init>,0.7211
org.springframework.core.annotation.AnnotationTypeMappings.get,0.4072
jdk.internal.loader.Resource.getBytes,0.3712
java.nio.ByteBuffer.wrap,0.4285
org.hibernate.boot.model.internal.GeneratorBinder.createIdGenerator,0.3708
org.springframework.util.ReflectionUtils.getDeclaredMethods,0.3941
jdk.internal.loader.BuiltinClassLoader.loadClassOrNull,0.4020
org.springframework.util.ConcurrentReferenceHashMap$Segment.doTask,0.3712
org.springframework.beans.factory.support.AbstractBeanDefinition.<init>,0.3835
org.springframework.core.convert.support.StringToNumberConverterFactory$StringToNumber.<init>,0.3886
org.springframework.core.type.classreading.CachingMetadataReaderFactory.getMetadataReader,0.3886
org.springframework.boot.autoconfigure.condition.OnBeanCondition.collectBeanDefinitionsForType,0.3867
java.lang.invoke.TypeConvertingMethodAdapter.classDesc,0.3712
org.thymeleaf.engine.StandaloneElementTag.<init>,0.4201
sun.invoke.util.VerifyAccess.isSamePackage,0.3500
net.bytebuddy.jar.asm.MethodWriter.computeMethodInfoSize,0.3708
org.thymeleaf.engine.ProcessorExecutionVars.<init>,0.3886
org.springframework.data.web.config.SpringDataJackson3Configuration.jackson3pageModule,0.3941
java.lang.Class.isHidden,0.3500
org.springframework.context.support.GenericApplicationContext.<init>,0.4072
java.lang.ClassLoader.findLoadedClass0,1.0941
sun.net.www.ParseUtil.decode,0.4201
java.lang.invoke.MethodType.methodType,0.3444
org.thymeleaf.standard.expression.MessageExpression.parseMessageExpression,0.3634
org.springframework.beans.factory.support.DefaultListableBeanFactory$DependencyObjectProvider.<clinit>,0.3867
java.lang.Class.getDeclaredMethods0,2.9701
org.springframework.beans.factory.support.AbstractBeanDefinition.getInitMethodNames,0.3867
org.springframework.core.annotation.AnnotationTypeMappings.size,0.3867
java.lang.classfile.Attributes.code,0.3444
org.springframework.boot.cache.autoconfigure.CaffeineCacheConfiguration.createCacheManager,0.3712
java.io.RandomAccessFile.seek0,2.3538
jdk.internal.classfile.impl.BufWriterImpl.cpIndex,0.4072
org.hibernate.engine.jdbc.env.internal.LobTypes.<clinit>,0.3708
java.util.jar.JarFile.ensureInitialization,0.3835
org.springframework.context.support.AbstractApplicationContext.prepareBeanFactory,0.4072
org.springframework.context.support.AbstractApplicationContext.getType,0.3941
sun.nio.ch.Util$BufferCache.get,0.4020
org.h2.mvstore.db.MVTable.<clinit>,0.3712
java.util.concurrent.CompletableFuture.completeAsync,0.4577
java.lang.ref.Reference.refersTo,0.8221
jdk.internal.loader.URLClassPath.getResource,0.8519
java.util.Comparator.lambda$comparing$77a9974f$1,0.3886
java.util.HashMap.putVal,0.3867
org.apache.maven.surefire.booter.ForkedBooter$3.update,0.0001
java.lang.invoke.MethodTypeForm.cachedLambdaForm,0.4072
java.io.UnixFileSystem.normalize,0.7701
sun.nio.fs.UnixSecureDirectoryStream.<init>,0.4201
jdk.internal.misc.ScopedMemoryAccess.getShortUnalignedInternal,0.4072
org.antlr.v4.runtime.atn.PredictionContext.merge,0.3835
org.attoparser.MarkupParser.parse,0.3634
java.lang.invoke.LambdaForm$DMH/0x0000000017d58400.newInvokeSpecial,0.4285
ch.qos.logback.core.ContextBase.<init>,0.3500
jdk.internal.classfile.impl.AbstractPoolEntry$AbstractMemberRefEntry.<init>,0.3712
org.antlr.v4.runtime.atn.ATNConfigSet$ConfigEqualityComparator.equals,0.3835
org.springframework.web.util.UriComponents.getFragment,0.4201
org.hibernate.type.spi.TypeConfiguration.<init>,0.3708
net.bytebuddy.implementation.attribute.AnnotationAppender$ForTypeAnnotations.apply,0.4201
sun.security.provider.SHA5.lf_S,1.0979
java.util.Arrays.equals,0.7268
org.unbescape.html.Html5EscapeSymbolsInitializer.initializeHtml5,0.3634
sun.security.provider.SHA2.implCompress0,2.9295
java.nio.DirectByteBuffer.get,0.4072
jdk.internal.misc.VM.getNanoTimeAdjustment,0.3886
org.springframework.boot.tomcat.autoconfigure.servlet.TomcatServletWebServerAutoConfiguration.tomcatServletWebServerFactory,0.3867
java.io.BufferedReader.<init>,1.1657
jdk.internal.ref.CleanerImpl.getCleanerImpl,0.3712
org.springframework.util.AntPathMatcher.matchStrings,0.3886
java.util.LinkedHashMap.afterNodeInsertion,0.3500
net.bytebuddy.description.type.TypeDescription$Generic$Visitor$ForSignatureVisitor$OfTypeArgument.<init>,0.4201
java.lang.ClassLoader.checkCerts,0.3708
org.hibernate.boot.internal.ClassLoaderAccessImpl.classForName,0.3886
java.lang.StringLatin1.hashCode,0.7785
java.util.Collections$UnmodifiableCollection$1.<init>,0.3886
java.lang.ref.Reference.getAndClearReferencePendingList,0.0002
org.hibernate.engine.internal.EntityEntryContext$ManagedEntityImpl.$$_hibernate_setPersistenceInfo,0.4285
net.bytebuddy.description.type.TypeList$Generic$Explicit.size,0.3708
java.util.LinkedHashMap.afterNodeRemoval,0.4072
sun.management.ManagementFactoryHelper.getRuntimeMXBean,0.3500
org.attoparser.HtmlVoidAutoCloseElement.<init>,0.3634
java.net.URL.openStream,0.3886
org.springframework.data.mapping.model.AnnotationBasedPersistentProperty.findAnnotation,0.3886
java.util.Collection.removeIf,0.3886
java.util.AbstractList.listIterator,0.4072
org.apache.tomcat.websocket.WsExtension.<init>,0.3712
org.apache.coyote.AbstractProtocol.<init>,0.3712
java.util.stream.ReferencePipeline$7$1FlatMap.accept,0.3835
tools.jackson.databind.introspect.AnnotatedClassResolver.<init>,0.3941
jdk.internal.reflect.Reflection.getClassAccessFlags,0.4577
org.springframework.util.CollectionUtils.isEmpty,0.8171
java.util.Arrays.hashCode,0.3500
org.springframework.expression.spel.ast.MethodReference$CachedMethodExecutor.get,0.4201
org.springframework.boot.context.properties.source.ConfigurationPropertySourcesCaching.forEach,0.3712
org.mockito.internal.debugging.LocationFactory$DefaultLocationFactory.create,0.4201
net.bytebuddy.dynamic.scaffold.TypeWriter$MethodPool$Record$AccessBridgeWrapper$BridgeTarget.getParameters,0.4201
java.lang.classfile.Attributes.enclosingMethod,0.4072
java.util.zip.Inflater.reset,0.7649
org.thymeleaf.engine.AttributeDefinitions.buildHTMLAttributeDefinition,0.3634
jdk.internal.classfile.impl.BufWriterImpl.join,0.3500
tools.jackson.core.json.JsonFactory.<init>,0.0000
org.springframework.core.annotation.AbstractMergedAnnotation.getValue,0.4201
java.lang.Class.forName0,7.8497
sun.security.util.ManifestDigester.findSection,0.7319
net.bytebuddy.jar.asm.ByteVector.<init>,0.4020
java.nio.CharBuffer.limit,0.4020
jdk.internal.classfile.impl.StackMapGenerator$Frame.pushStack,0.3500
java.util.regex.Matcher.reset,0.4285
org.antlr.v4.runtime.atn.PredictionContext.combineCommonParents,0.4285
java.util.Properties.enumerateStringProperties,0.4020
org.springframework.boot.webmvc.actuate.endpoint.web.AdditionalHealthEndpointPathsWebMvcHandlerMapping.<init>,0.3941
java.net.StandardSocketOptions.<clinit>,0.0328
org.hibernate.internal.SessionFactoryImpl$1.createSession,0.3835
java.util.logging.LogManager.setLoggerHandlers,0.3444
jdk.internal.classfile.impl.BoundAttribute$BoundNestHostAttribute.<init>,0.4072
sun.net.www.protocol.file.Handler.parseURL,0.3444
jdk.internal.jimage.BasicImageReader.getLocationIndex,0.4072
java.util.ArrayList.toArray,0.3867
java.lang.management.ManagementFactory.addMXBean,0.3941
org.springframework.boot.docker.compose.service.connection.ConnectionNamePredicate.<init>,0.3444
org.springframework.aop.aspectj.AspectJProxyUtils.makeAdvisorChainAspectJCapableIfNecessary,0.3835
java.lang.String.decodeASCII,0.3886
org.springframework.boot.context.properties.ConfigurationPropertiesBeanRegistrar.createBeanDefinition,0.4072
org.springframework.core.annotation.TypeMappedAnnotation.getValueFromMetaAnnotation,0.4072
net.bytebuddy.description.ByteCodeElement$Token$TokenList.size,0.4201
java.lang.reflect.ReflectAccess.copyMethod,0.7701
java.util.regex.Pattern.compile,0.7329
com.sun.beans.finder.InstanceFinder.find,0.4201
java.util.ArrayDeque.removeFirst,0.4201
sun.nio.fs.UnixFileAttributeViews.createUnixView,0.3444
org.springframework.util.ConcurrentReferenceHashMap$ReferenceManager.pollForPurge,0.3444
sun.reflect.generics.parser.SignatureParser.parsePackageNameAndSimpleClassTypeSignature,0.3500
java.lang.StringConcatHelper.doConcat,1.1075
java.util.HashMap.put,0.3708
jdk.internal.classfile.impl.DirectCodeBuilder.processDeferredLabels,0.4577
java.lang.Thread.sleepNanos0,0.0039
java.util.regex.Pattern$Branch.<init>,0.4577
org.mockito.internal.configuration.plugins.PluginRegistry.<init>,0.4577
java.util.EnumSet.of,0.4285
org.h2.expression.ExpressionVisitor.<clinit>,0.3712
java.lang.invoke.MethodType.isConvertibleTo,0.7701
org.springframework.core.annotation.AnnotationTypeMappings.addAllMappings,0.4072
sun.reflect.annotation.AnnotationParser.parseMemberValue,0.3835
java.util.LinkedHashSet.<init>,1.1978
org.springframework.beans.factory.BeanFactoryUtils.beanNamesForTypeIncludingAncestors,0.3941
org.h2.command.query.Select.init,0.4285
java.util.jar.JarFile.getInputStream,0.3708
sun.management.LazyCompositeData.<init>,0.0025
java.util.concurrent.ConcurrentHashMap$ValueIterator.next,0.3500
org.junit.jupiter.engine.discovery.predicates.TestClassPredicates.lambda$new$0,0.3500
org.hibernate.query.sqm.internal.SqmCreationProcessingStateImpl.<init>,0.3835
jdk.internal.classfile.impl.DirectCodeBuilder.writeExceptionHandlers,0.3500
sun.security.util.DerValue.<init>,0.4577
java.util.LinkedHashMap.values,0.3500
java.util.Iterator.forEachRemaining,0.3886
jdk.proxy2.$Proxy48.annotationType,0.4020
java.util.HashMap.hash,1.9298
java.lang.Class.reflectionData,0.3886
org.springframework.core.type.classreading.ClassFileClassMetadata$Builder.<init>,0.4072
java.util.Collections.sort,0.4201
java.util.Formatter.format,0.3886
org.springframework.util.StringUtils.cleanPath,1.2475
jdk.internal.classfile.impl.StackMapGenerator.processBlock,0.3444
java.util.LinkedHashMap$LinkedEntryIterator.<init>,0.3500
org.springframework.boot.context.properties.bind.ValueObjectBinder.<init>,0.3941
org.hibernate.type.descriptor.jdbc.BooleanJdbcType.getExtractor,0.3660
jdk.internal.net.http.Http2ClientImpl.getClientSettings,0.0328
java.util.concurrent.ForkJoinPool$DefaultForkJoinWorkerThreadFactory.newThread,0.0139
java.util.AbstractCollection.toString,0.4201
org.hibernate.sql.results.graph.collection.internal.SetInitializer.readCollectionRow,0.4577
java.lang.Iterable.forEach,0.3500
java.lang.String.lastIndexOf,1.1621
java.lang.invoke.MethodHandles$Lookup.in,0.4072
java.lang.ProcessImpl.forkAndExec,0.4577
org.hibernate.query.hql.internal.SemanticQueryBuilder.visitRootEntity,0.3835
org.springframework.test.context.support.DirtiesContextBeforeModesTestExecutionListener.getOrder,0.3886
java.util.Formatter$FormatSpecifier.printString,0.7771
org.springframework.boot.actuate.endpoint.web.annotation.RequestPredicateFactory.getRequestPredicate,0.3941
org.testcontainers.shaded.com.fasterxml.jackson.databind.ObjectMapper.<init>,0.6887
io.micrometer.core.instrument.simple.SimpleMeterRegistry.newLongTaskTimer,0.4577
org.unbescape.html.HtmlEscapeSymbols.positionInList,1.0903
jdk.internal.loader.URLClassPath$1.next,0.3886
org.springframework.cache.jcache.config.ProxyJCacheConfiguration.cacheInterceptor,0.3867
jdk.xml.internal.XMLSecurityManager$Limit.spOld,0.4201
org.springframework.util.StringUtils.applyRelativePath,0.4201
jdk.jfr.internal.util.Bytecode$FieldDesc.of,0.3500
jdk.jfr.internal.util.Tokenizer.next,0.3941
org.springframework.beans.factory.support.AbstractBeanFactory.isTypeMatch,1.1602
jdk.internal.classfile.impl.AbstractPoolEntry$Utf8EntryImpl.toString,0.4285
java.io.FileDescriptor.close0,0.3444
org.springframework.core.annotation.PackagesAnnotationFilter.matches,1.6077
java.lang.invoke.DelegatingMethodHandle$Holder.delegate,0.3835
java.net.URLStreamHandler.parseURL,1.1974
org.hibernate.boot.internal.InFlightMetadataCollectorImpl$$Lambda/0x00000000176d1470.<init>,0.3708
java.lang.StringLatin1.indexOf,0.7572
org.springframework.core.ResolvableType$TypeVariablesVariableResolver.<init>,0.4072
java.lang.Class.getSuperclass,0.7958
java.util.StringTokenizer.countTokens,0.8087
org.springframework.core.ResolvableType$1.<init>,0.4201
org.thymeleaf.standard.expression.ExpressionParsingUtil.decomposeSimpleExpressions,0.3634
org.h2.engine.Database.<init>,0.3712
java.io.UnixFileSystem.getBooleanAttributes0,11.7041
jdk.internal.reflect.DirectMethodHandleAccessor.invoke,0.4201
org.springframework.data.repository.core.support.RepositoryFactorySupport.getRepository,0.3835
org.springframework.boot.context.config.StandardConfigDataResource.toString,0.3886
java.lang.StringLatin1.indexOfChar,0.3500
java.util.concurrent.ConcurrentHashMap.values,0.3444
java.lang.StringBuilder.append,2.6387
org.junit.jupiter.engine.extension.TimeoutExtension$$Lambda/0x0000000017b71d38.<init>,0.4577
java.util.stream.ReduceOps$3.getOpFlags,0.3867
jdk.proxy2.$Proxy199.annotationType,0.3886
org.h2.mvstore.db.RowDataType.<init>,0.3712
org.apache.catalina.connector.Connector.createResponse,0.0875
org.springframework.boot.context.properties.source.ConfigurationPropertyName.hasDashedElement,0.3886
jdk.internal.classfile.impl.DirectClassBuilder.<init>,0.3500
org.springframework.util.ReflectionUtils.doWithMethods,0.3941
org.springframework.data.repository.util.QueryExecutionConverters.<clinit>,0.3835
org.springframework.web.accept.ContentNegotiationManager.doResolveExtensions,0.3941
net.bytebuddy.dynamic.scaffold.TypeWriter$Default$ValidatingClassVisitor$ValidatingMethodVisitor.<init>,0.4577
org.hibernate.engine.spi.CascadingActions.<clinit>,0.3660
jdk.internal.classfile.impl.AnnotationImpl$OfBooleanImpl.booleanValue,0.4020
java.lang.reflect.Proxy$ProxyBuilder.proxyClassContext,0.3500
jdk.internal.ref.PhantomCleanable.<init>,0.4072
org.h2.command.Tokenizer.readCharacterString,0.3712
org.springframework.samples.petclinic.owner.Owner.<init>,0.7319
java.util.jar.JarFile.isMultiRelease,5.4310
org.springframework.data.jpa.repository.query.HqlParser.<clinit>,0.3835
java.lang.classfile.constantpool.ConstantPoolBuilder.of,0.3500
tools.jackson.databind.cfg.DeserializerFactoryConfig.<clinit>,0.0000
org.springframework.boot.context.properties.source.ConfigurationPropertyName$Elements.hashCode,0.7809
org.springframework.data.mapping.model.Property.<init>,0.3835
org.springframework.data.jpa.repository.support.CrudMethodMetadataPostProcessor.getCrudMethodMetadata,0.3835
org.hibernate.persister.entity.AbstractEntityPersister.<init>,0.3660
java.lang.invoke.InnerClassLambdaMetafactory.<init>,0.3835
java.util.concurrent.ConcurrentHashMap.computeIfAbsent,0.4285
org.thymeleaf.context.WebEngineContext.<init>,0.3634
java.util.TimSort.countRunAndMakeAscending,0.3500
java.time.format.DateTimeFormatterBuilder$InstantPrinterParser.parse,0.3941
org.springframework.boot.testcontainers.service.connection.ContainerConnectionDetailsFactory.<init>,0.4285
org.h2.command.Parser.parseCommit,0.4577
org.antlr.v4.runtime.misc.Array2DHashSet.getOrAddImpl,0.3835
org.hibernate.event.internal.DefaultInitializeCollectionEventListener.onInitializeCollection,0.4577
java.lang.reflect.AccessibleObject.checkCanSetAccessible,0.4285
sun.nio.ch.EPoll.wait,0.4854
org.springframework.test.context.support.DynamicPropertiesContextCustomizer.hashCode,0.4201
jdk.internal.ref.PhantomCleanable.clean,0.3708
org.h2.command.query.Select.queryWithoutCache,0.3712
java.util.List.spliterator,0.3886
ch.qos.logback.classic.spi.LoggingEvent.getThrowableProxy,0.4285
org.springframework.web.servlet.config.annotation.WebMvcConfigurationSupport.createRequestMappingHandlerAdapter,0.3941
java.net.URI$Parser.scan,1.2014
org.mockito.internal.util.concurrent.WeakConcurrentMap.get,0.4577
org.springframework.web.servlet.FrameworkServlet.processRequest,0.0875
java.util.AbstractSet.hashCode,0.4201
jdk.internal.constant.MethodTypeDescImpl.buildDescriptorString,0.0000
java.util.stream.StreamOpFlag.fromCharacteristics,0.7913
org.springframework.web.servlet.mvc.method.annotation.ServletRequestDataBinderFactory.createBinderInstance,0.0875
org.springframework.http.MediaType$$Lambda/0x0000000017a75e38.<init>,0.3886
org.springframework.beans.TypeConverterSupport.convertIfNecessary,0.3941
org.springframework.core.annotation.AnnotationTypeMapping.processAliases,0.4201
ch.qos.logback.core.LayoutBase.isStarted,0.3835
org.antlr.v4.runtime.atn.ParserATNSimulator.closure_,0.8121
jdk.internal.classfile.impl.AttributeHolder.withAttribute,0.3941
net.bytebuddy.asm.Advice$OffsetMapping$ForOrigin$Factory.make,0.4577
java.lang.invoke.DirectMethodHandle.make,0.3444
java.lang.ClassLoader.checkName,0.7729
sun.security.util.CurveDB.<clinit>,0.0000
net.bytebuddy.implementation.bind.annotation.Origin$Binder.methodConstant,0.3660
jdk.internal.classfile.impl.StackMapGenerator$Frame.getLocalRawInternal,0.3867
java.nio.ByteBuffer.allocate,0.3886
java.lang.String.<init>,0.3660
org.springframework.beans.PropertyEditorRegistrySupport.findCustomEditor,0.4201
org.hibernate.models.internal.AnnotationDescriptorRegistryStandard.resolveDescriptor,0.3708
jdk.internal.classfile.impl.DirectCodeBuilder.setLabelTarget,0.3708
jdk.internal.loader.URLClassPath$FileLoader.getResource,1.1283
org.springframework.core.annotation.AnnotationsScanner.getDeclaredAnnotations,0.8487
org.thymeleaf.engine.TemplateManager.<init>,0.3634
jdk.proxy1.$Proxy2.annotationType,0.3500
java.lang.invoke.StringConcatFactory.parseRecipe,0.8144
sun.nio.ch.UnixFileDispatcherImpl.isOther,0.4020
net.bytebuddy.dynamic.scaffold.InstrumentedType$Default.getSuperClass,0.3660
java.util.concurrent.ConcurrentHashMap.replaceNode,0.4285
org.hibernate.jpa.internal.util.PersistenceUtilHelper$MetadataClassValue.computeValue,0.4020
org.springframework.core.ResolvableType$WildcardBounds.get,0.3941
org.antlr.v4.runtime.atn.ATNConfigSet.add,0.3835
org.springframework.util.ClassUtils.getQualifiedName,0.4285
java.lang.classfile.CompoundElement.elementList,0.4072
org.springframework.cglib.reflect.FastClassEmitter$GetIndexCallback.<init>,0.3867
java.lang.StringBuilder.<init>,0.3634
tools.jackson.databind.cfg.ContextAttributes$Impl.getEmpty,0.3712
org.antlr.v4.runtime.atn.ATNConfigSet.<init>,0.3660
jdk.internal.reflect.DirectMethodHandleAccessor.<init>,0.3867
java.lang.invoke.VarHandles.makeFieldHandle,0.0139
java.lang.Object.clone,1.9958
java.util.HashMap.containsKey,0.0008
org.springframework.boot.validation.beanvalidation.FilteredMethodValidationPostProcessor.<init>,0.3867
org.apache.catalina.core.ApplicationContextFacade.getResource,0.3941
jakarta.servlet.ServletRequestWrapper.getAttribute,0.3634
org.hibernate.persister.collection.BasicCollectionPersister.buildRowMutationOperations,0.3660
org.antlr.v4.runtime.misc.FlexibleHashMap.expand,0.3835
java.util.stream.ReferencePipeline$Head.forEach,0.4201
org.springframework.orm.jpa.vendor.HibernateJpaDialect.<init>,0.3712
java.lang.invoke.MethodHandles.privateLookupIn,0.3660
net.bytebuddy.TypeCache$SimpleKey.<init>,0.4201
org.springframework.boot.test.context.filter.annotation.TypeIncludes.loadIncludes,0.3886
java.lang.Class.annotationData,0.3867
net.bytebuddy.description.method.MethodDescription$AbstractBase.isVisibleTo,0.3660
org.springframework.boot.context.properties.source.SystemEnvironmentPropertyMapper.map,0.3444
org.springframework.beans.CachedIntrospectionResults.forClass,0.3941
org.hibernate.LockMode.greaterThan,0.4285
org.hibernate.metamodel.mapping.internal.MappingModelCreationHelper.buildPluralAttributeMapping,0.3660
java.lang.reflect.Executable.declaredAnnotations,0.3941
org.hibernate.dialect.function.CommonFunctionFactory.jsonQuery_h2,0.3660
jdk.internal.classfile.impl.SplitConstantPool.writeTo,0.7703
java.lang.String$$StringConcat/0x00000000173f8000.length,0.3867
java.util.jar.JarFile.getManifest,0.4577
java.util.zip.ZipFile.getEntry,2.3395
org.springframework.boot.web.servlet.ServletContextInitializerBeans.addAdaptableBeans,0.3712
java.lang.Class.arrayContentsEq,0.0000
java.lang.invoke.InnerClassLambdaMetafactory.implClassDesc,0.3444
org.thymeleaf.spring6.dialect.SpringStandardDialect.createSpringStandardProcessorsSet,0.3634
java.lang.Object.hashCode,0.8358
java.lang.ref.Reference.<init>,0.3867
java.lang.invoke.MethodHandle.isSafeToCache,0.4577
tools.jackson.databind.ser.jdk.MapSerializer.createContextual,0.0184
java.lang.reflect.Array.newArray,2.3541
org.springframework.boot.context.properties.bind.JavaBeanBinder.hasKnownBindableProperties,0.4285
sun.reflect.annotation.AnnotationInvocationHandler.hashCodeImpl,0.3500
java.lang.invoke.MemberName.<init>,0.3867
java.lang.invoke.DirectMethodHandle$Holder.invokeStatic,1.2243
org.hibernate.dialect.sql.ast.H2SqlAstTranslator.supportsOffsetFetchClause,0.3835
org.springframework.boot.actuate.endpoint.annotation.EndpointDiscoverer.convertToEndpoints,0.3712
jdk.internal.classfile.impl.Util.entryList,0.7151
org.springframework.core.ResolvableType.getGeneric,1.1750
java.util.jar.JarFile.getJarEntry,0.3712
jdk.internal.jimage.ImageLocation.verify,0.4201
java.lang.reflect.Method.getReturnType,0.3500
jdk.internal.reflect.MethodHandleAccessorFactory.useNativeAccessor,0.3708
org.hibernate.boot.model.internal.AnnotationBinder.bindClass,0.3708
java.util.Hashtable.get,0.3886
java.lang.ref.Reference.waitForReferencePendingList,0.1486
java.util.regex.Pattern$CharPropertyGreedy.match,0.3867
org.hibernate.internal.SessionImpl.asEventSource,0.4285
org.springframework.boot.test.context.SpringBootContextLoader$WebConfigurer.addMockServletContext,0.4020
javax.management.openmbean.OpenType.isAssignableFrom,0.0020
java.lang.ThreadLocal.get,0.4285
jdk.internal.classfile.impl.SplitConstantPool.internalAdd,1.6250
sun.security.util.DerValue.subs,0.3660
jdk.proxy2.$Proxy154.cache,0.3660
org.springframework.core.ResolvableType.forMethodParameter,0.3941
jdk.internal.misc.Unsafe.compareAndSetInt,0.3444
java.math.BigInteger.destructiveMulAdd,0.4577
org.junit.jupiter.engine.execution.ConditionEvaluator.evaluate,0.3886
java.util.AbstractCollection.toArray,0.4285
sun.reflect.annotation.AnnotationParser.parseAnnotation2,0.3708
org.springframework.core.ResolvableType.equals,0.3712
org.springframework.boot.autoconfigure.condition.ConditionEvaluationReport$ConditionAndOutcome.equals,0.3867
org.springframework.beans.factory.support.AbstractBeanFactory.getBeanPostProcessorCache,0.4072
org.hibernate.engine.jdbc.mutation.internal.AbstractSingleMutationExecutor.<clinit>,0.4285
java.lang.invoke.InnerClassLambdaMetafactory$1.accept,0.3712
org.springframework.boot.micrometer.metrics.autoconfigure.MetricsEndpointAutoConfiguration.metricsEndpoint,0.3941
org.springframework.util.ConcurrentReferenceHashMap$Task.hasOption,0.3867
jdk.internal.loader.BuiltinClassLoader.defineClass,0.3941
org.springframework.core.convert.converter.GenericConverter$ConvertiblePair.getTargetType,0.4020
java.util.Properties.load0,0.4072
org.apache.juli.logging.LogFactory.getInstance,0.0000
org.springframework.boot.test.context.ImportsContextCustomizer$ContextCustomizerKey.<clinit>,0.4020
java.util.stream.AbstractPipeline.evaluate,0.4577
org.springframework.boot.web.server.servlet.context.ServletWebServerApplicationContext.createWebServer,0.3712
org.springframework.boot.test.context.filter.annotation.TypeIncludes.readIncludes,0.3886
java.util.zip.ZipFile$ZipFileInflaterInputStream.<init>,0.7516
java.lang.invoke.MethodHandleImpl.makePairwiseConvertByEditor,0.4201
org.springframework.boot.autoconfigure.condition.OnBeanCondition$Spec.<init>,0.3867
jdk.internal.classfile.impl.AbstractDirectBuilder.writeAttribute,0.4072
java.util.Arrays.copyOfRange,0.3867
sun.security.provider.SHA5.implCompress0,1.0979
java.util.stream.ReferencePipeline$2$1.accept,0.8171
org.springframework.aop.aspectj.annotation.AnnotationAwareAspectJAutoProxyCreator.findCandidateAdvisors,0.4285
org.unbescape.html.HtmlEscapeSymbols.access$300,0.3634
java.util.concurrent.ConcurrentHashMap.transfer,0.3500
org.springframework.util.ConcurrentReferenceHashMap.purgeUnreferencedEntries,0.3867
java.util.Properties$LineReader.readLine,1.2107
jdk.internal.classfile.impl.DirectCodeBuilder.writeInvokeInterface,0.3500
org.junit.jupiter.engine.descriptor.ExtensionUtils.<clinit>,0.3500
java.util.List.of,0.3660
org.hibernate.type.descriptor.java.BasicJavaType.getRecommendedJdbcType,0.3660
org.springframework.beans.factory.support.AbstractBeanFactory.transformedBeanName,0.3867
java.util.logging.LogManager$LoggerContext.getGlobalLogger,0.3712
java.lang.reflect.Constructor.copy,0.3867
java.lang.invoke.MethodHandles$Lookup.hasFullPrivilegeAccess,0.3500
java.util.stream.SortedOps$RefSortingSink.end,0.3835
org.springframework.core.annotation.AnnotationsScanner.processMethod,0.3867
org.thymeleaf.engine.StandaloneElementTag.setAttribute,0.3886
org.springframework.boot.context.properties.source.SpringConfigurationPropertySource.getUnderlyingSource,0.3444
org.hibernate.query.sqm.spi.BaseSemanticQueryWalker.consumeExplicitJoins,0.4577
jdk.internal.reflect.ReflectionFactory.newConstructorAccessor,0.6999
sun.security.ssl.SSLHandshake.<clinit>,0.4577
java.util.AbstractSet.equals,0.3500
java.lang.String$$StringConcat/0x00000000177e1400.concat,0.3660
org.hibernate.sql.results.jdbc.internal.StandardJdbcValuesMapping.resolveAssemblers,0.4577
java.lang.Package$VersionInfo.<init>,0.3444
java.util.stream.ReduceOps$5.makeSink,0.3708
jdk.internal.misc.Unsafe.ensureClassInitialized0,0.3835
java.util.WeakHashMap.expungeStaleEntries,0.3444
java.lang.invoke.LambdaForm$MH/0x0000000017d02000.<clinit>,0.4201
org.hibernate.boot.internal.BootstrapContextImpl.<init>,0.7415
java.nio.HeapByteBuffer.<init>,0.3886
jdk.internal.classfile.impl.StackCounter.next,0.4072
org.hibernate.boot.model.process.spi.MetadataBuildingProcess.complete,0.3708
java.net.URLStreamHandler.setURL,0.3444
net.bytebuddy.description.method.MethodList$ForLoadedMethods.size,0.4020
java.lang.ref.Reference.refersTo0,0.4072
org.springframework.beans.factory.support.AbstractBeanFactory.isFactoryBean,0.4201
sun.nio.cs.StreamDecoder.readBytes,0.3886
java.util.stream.AbstractPipeline.wrapSink,0.7701
java.lang.ClassLoader.findBootstrapClass,5.5530
java.util.stream.Nodes.longBuilder,0.3941
java.util.concurrent.ConcurrentHashMap.get,5.4744
java.lang.reflect.Field.hashCode,0.3941
jdk.internal.reflect.Reflection.getCallerClass,1.6360
java.util.jar.JavaUtilJarAccessImpl.ensureInitialization,0.3712
jdk.proxy2.$Proxy121.annotationType,0.3835
jdk.internal.loader.BuiltinClassLoader.findResource,0.3444
net.bytebuddy.dynamic.scaffold.MethodGraph$Compiler$Default$Key$Store$Graph.listNodes,0.3660
jdk.proxy1.$Proxy30.annotationType,0.4285
java.lang.Class.getDeclaredConstructors0,5.5517
jdk.internal.reflect.Reflection.filterFields,0.3941
org.springframework.boot.autoconfigure.condition.OnBeanCondition.getMatchOutcome,0.3867
java.lang.invoke.LambdaProxyClassArchive.find,0.4577
org.springframework.test.context.bean.override.BeanOverrideHandler.lambda$processElement$0,0.4020
java.util.concurrent.Executors.newScheduledThreadPool,0.3500
org.springframework.core.MethodParameter.validateIndex,0.3941
java.util.concurrent.ConcurrentLinkedQueue.iterator,0.0010
org.springframework.web.method.annotation.ModelFactory.updateBindingResult,0.4201
org.mockito.internal.configuration.IndependentAnnotationEngine.forAnnotation,0.3886
java.util.HashMap.compute,0.4285
org.springframework.boot.autoconfigure.condition.SpringBootCondition.<init>,0.4072
java.lang.StackStreamFactory$FrameBuffer.setBatch,0.4201
jdk.internal.classfile.impl.SuperclassImpl.<init>,0.3444
org.hibernate.validator.internal.metadata.provider.AnnotationMetaDataProvider.findExecutableMetaData,0.0000
org.h2.util.MathUtils.convertLongToInt,0.3712
org.hibernate.boot.model.internal.PropertyBinder.bindProperty,0.3708
java.io.FileInputStream.readBytes,0.5087
net.bytebuddy.description.type.TypeDescription$AbstractBase.asErasure,0.3708
org.springframework.beans.factory.support.DefaultListableBeanFactory.doGetBeanNamesForType,2.4675
org.springframework.web.servlet.config.annotation.WebMvcConfigurationSupport.getArgumentResolvers,0.4201
sun.security.jca.ProviderConfig.<init>,0.3500
jdk.internal.misc.Unsafe.allocateInstance,4.0345
org.springframework.context.annotation.CommonAnnotationBeanPostProcessor.lambda$buildResourceMetadata$0,0.3867
org.antlr.v4.runtime.atn.ATNState.addTransition,0.3835
org.hibernate.engine.jdbc.internal.JdbcServicesImpl.getDialect,0.3886
java.lang.invoke.MethodHandleNatives.resolve,1.2574
org.antlr.v4.runtime.misc.Array2DHashSet.expand,0.3835
org.thymeleaf.engine.TemplateHandlerAdapterMarkupHandler.handleStandaloneElementEnd,0.4201
org.mockito.internal.creation.bytebuddy.InlineBytecodeGenerator.triggerRetransformation,0.4020
org.springframework.core.convert.support.GenericConversionService$ConverterAdapter.<init>,0.0000
java.util.TreeMap$PrivateEntryIterator.nextEntry,0.0025
java.lang.StringCoding.countPositives,0.4072
java.lang.String.length,0.4285
net.bytebuddy.description.type.TypeDescription$AbstractBase.isAssignable,0.4201
org.springframework.web.servlet.mvc.condition.PathPatternsRequestCondition.getContent,0.3941
org.hibernate.type.descriptor.java.SerializableJavaType$SerializableMutabilityPlan.<clinit>,0.3660
org.springframework.core.annotation.MergedAnnotations.from,0.3444
java.util.stream.ReferencePipeline.<init>,0.4072
org.springframework.boot.origin.TextResourceOrigin$Location.<init>,0.4020
org.springframework.samples.petclinic.owner.PetValidatorTests.setUp,0.3886
java.util.stream.MatchOps$MatchOp.evaluateSequential,0.3886
jdk.internal.classfile.impl.AnnotationReader.skipElementValue,0.4201
org.springframework.web.util.pattern.LiteralPathElement.matches,0.3886
org.hibernate.validator.internal.properties.javabean.JavaBeanHelper$JavaBeanConstrainableExecutable.<init>,0.0000
jdk.internal.loader.ClassLoaders$AppClassLoader.defineOrCheckPackage,0.7385
org.hibernate.validator.internal.util.TypeHelper.resolveTypes,0.4020
java.util.LinkedHashMap.entrySet,0.3500
java.util.stream.Sink$ChainedReference.begin,0.4201
java.util.stream.SpinedBuffer.copyInto,0.3886
org.thymeleaf.spring6.context.webmvc.SpringWebMvcThymeleafRequestContext.getBindStatus,0.4201
java.nio.DirectIntBufferU.get,0.4072
org.hibernate.boot.model.internal.AnnotatedColumns.getTable,0.3886
java.lang.invoke.InnerClassLambdaMetafactory.spinInnerClass,0.6999
java.util.stream.IntPipeline$4.opWrapSink,0.4285
java.io.RandomAccessFile.readBytes0,2.3286
java.io.BufferedReader.readLine,0.3444
org.springframework.context.support.AbstractApplicationContext.invokeBeanFactoryPostProcessors,0.4072
org.springframework.boot.web.server.servlet.ServletWebServerSettings.<init>,0.3867
org.thymeleaf.util.ProcessorConfigurationUtils$AbstractProcessorWrapper.getTemplateMode,0.7836
java.lang.invoke.AbstractValidatingLambdaMetafactory.validateMetafactoryArgs,0.3835
org.springframework.context.annotation.ConfigurationClassParser$ImportStack.removeImportingClass,0.4201
org.junit.jupiter.engine.descriptor.CallbackSupport$$Lambda/0x00000000171ad690.<init>,0.4201
org.antlr.v4.runtime.atn.ParserATNSimulator.canDropLoopEntryEdgeInLeftRecursiveRule,0.3835
jdk.internal.classfile.impl.AbstractPoolEntry.maybeClone,1.9408
java.lang.String.valueOf,0.8171
sun.nio.cs.StreamEncoder.writeBytes,0.3886
ch.qos.logback.classic.Logger.getChildByName,0.3867
org.springframework.core.annotation.AnnotationTypeMapping$MirrorSets.resolve,0.8274
java.lang.invoke.LambdaForm$NamedFunction.<init>,0.3444
java.lang.ProcessHandleImpl.waitForProcessExit0,0.0191
java.lang.invoke.MethodHandleNatives.init,0.7649
net.bytebuddy.dynamic.scaffold.MethodGraph$Compiler$Default.of,0.3708
java.lang.Class.initClassName,4.6794
org.springframework.core.annotation.AnnotationFilter.matches,0.3886
org.antlr.v4.runtime.atn.PredictionContext.mergeArrays,0.7670
org.hibernate.validator.internal.util.CollectionHelper.toImmutableSet,0.3660
java.lang.ClassLoader.postDefineClass,0.3444
org.mockito.internal.creation.bytebuddy.InlineDelegateByteBuddyMockMaker.<init>,0.4577
org.springframework.util.ConcurrentReferenceHashMap.doTask,0.7516
sun.security.rsa.RSASignature$SHA256withRSA.<init>,0.3660
sun.net.www.ParseUtil.encodePath,0.7645
java.lang.Class.createAnnotationData,0.0000
java.util.Objects.hashCode,1.6012
sun.nio.fs.UnixNativeDispatcher.stat0,1.1175
java.util.Arrays.sort,0.8227
org.hibernate.validator.internal.metadata.aggregated.ExecutableMetaData.<init>,0.3660
java.lang.invoke.LambdaForm$MH/0x00000000170a1800.invoke,0.4072
org.springframework.core.ResolvableType$1.isAssignableFrom,0.3867
org.hibernate.query.sqm.function.AbstractSqmFunctionDescriptor.<init>,0.3886
org.springframework.boot.autoconfigure.AutoConfigurationImportSelector.getAutoConfigurationReplacements,0.4072
org.springframework.core.annotation.AnnotationsScanner.processClassInheritedAnnotations,0.3867
java.lang.Class.isAssignableFrom,2.3614
org.springframework.beans.factory.support.AbstractAutowireCapableBeanFactory.doCreateBean,0.8487
org.springframework.beans.factory.support.DefaultListableBeanFactory.isSelfReference,0.4285
org.junit.platform.commons.util.Preconditions.notNull,0.3500
jdk.jfr.internal.PlatformEventType.setHasCutoff,0.3500
org.springframework.core.convert.support.GenericConversionService.addConverter,0.3867
org.springframework.beans.factory.support.AbstractAutowireCapableBeanFactory.getObjectForBeanInstance,0.3867
org.springframework.core.StandardReflectionParameterNameDiscoverer.getParameterNames,0.3712
jdk.internal.classfile.impl.AbstractPoolEntry$Utf8EntryImpl.equalsString,0.4072
java.util.stream.Collectors.toSet,0.4072
java.util.jar.Manifest.getAttributes,0.3444
sun.security.provider.DigestBase.implCompressMultiBlock0,0.3660
java.util.jar.Manifest$FastInputStream.readLine,0.3660
jdk.internal.misc.Unsafe.compareAndSetReference,0.0231
java.lang.String.intern,0.3708
jdk.internal.loader.URLClassPath.findResource,0.8221
java.util.zip.InflaterInputStream.read,0.4072
org.hibernate.event.internal.EntityCopyObserverFactoryInitiator.initiateService,0.3835
java.lang.reflect.Array.getLength,0.3941
java.lang.invoke.AbstractValidatingLambdaMetafactory.isAdaptableToAsReturn,0.4285
java.util.stream.ReferencePipeline.wrap,0.3500
sun.security.util.math.intpoly.IntegerPolynomial.getElement,0.4577
org.springframework.boot.tomcat.autoconfigure.TomcatBackgroundPreinitializer.preinitialize,0.0000
java.lang.reflect.Proxy.lambda$getProxyConstructor$0,0.4020
java.util.stream.AbstractPipeline.isParallel,0.4072
java.lang.Class.forName,0.4285
org.antlr.v4.runtime.atn.ATNDeserializer.deserialize,0.3660
net.bytebuddy.description.method.MethodDescription$TypeSubstituting.asDefined,0.3660
org.springframework.boot.actuate.endpoint.web.ServletEndpointRegistrar.onStartup,0.3712
net.bytebuddy.description.type.TypeDescription$ForLoadedType.getName,0.7367
org.junit.jupiter.engine.discovery.MethodSelectorResolver$MethodType.allPossibilities,0.3500
java.util.concurrent.ConcurrentHashMap.putAll,0.3886
java.lang.String.startsWith,1.8340
org.thymeleaf.engine.ElementNames$ElementNamesRepository.storeElement,0.3634
java.net.URL.lowerCaseProtocol,0.3886
org.h2.engine.DbObject.getSQL,0.3712
java.lang.invoke.MethodHandleNatives.canBeCalledVirtual,0.7441
org.springframework.core.annotation.AnnotationsScanner.processMethodHierarchy,0.7777
org.springframework.context.annotation.ConfigurationClassBeanDefinitionReader.loadBeanDefinitionsForBeanMethod,0.7753
jdk.jfr.internal.periodic.PeriodicEvents.<clinit>,0.3500
java.util.zip.Inflater.inflateBytesBytes,17.2394
jdk.jfr.internal.EventControl.<clinit>,0.3500
java.net.InetAddress$NameServiceAddresses.get,0.0328
org.springframework.boot.autoconfigure.AutoConfigurationSorter$AutoConfigurationClasses.lambda$getClassesRequestedAfter$0,0.4072
java.util.Comparator.reversed,0.7653
org.hibernate.dialect.function.CommonFunctionFactory.timestampaddAndDiff,0.3660
java.lang.reflect.ProxyGenerator.lambda$generateClassFile$0,0.3500
java.security.CodeSource.<init>,0.3835
org.junit.platform.commons.util.ReflectionUtils.streamMethods,0.3500
jdk.internal.misc.ScopedMemoryAccess.getIntUnalignedInternal,0.3708
com.sun.jmx.mbeanserver.MBeanAnalyzer.initMaps,0.3941
org.springframework.util.ConcurrentReferenceHashMap$Entry.<init>,0.3444
org.unbescape.html.HtmlEscapeSymbols.<init>,1.4537
java.lang.StringLatin1.replace,1.9189
java.util.jar.JarVerifier.update,0.3660
org.hibernate.mapping.Value.getIdType,0.3660
org.thymeleaf.util.ProcessorComparators$ProcessorPrecedenceComparator.compareWrapped,0.0231
org.springframework.core.SimpleAliasRegistry.canonicalName,0.8087
jdk.internal.classfile.impl.StackCounter.<init>,0.7547
sun.security.x509.CertificateSerialNumber.<init>,0.3660
org.springframework.core.ResolvableType.getType,0.3867
org.junit.jupiter.engine.config.CachingJupiterConfiguration$$Lambda/0x00000000170ed280.<init>,0.4201
org.springframework.core.annotation.AnnotationUtils.isCandidateClass,0.8403
java.util.LinkedHashMap.keySet,0.4072
org.springframework.core.SerializableTypeWrapper$MethodParameterTypeProvider.getType,0.7997
org.thymeleaf.engine.Attribute.<init>,0.3634
org.springframework.web.servlet.mvc.method.annotation.RequestMappingHandlerMapping$AnnotationDescriptor.hashCode,0.4201
net.bytebuddy.asm.Advice.to,0.3708
java.util.stream.ReduceOps$3ReducingSink.<init>,0.3500
org.springframework.beans.factory.support.AbstractAutowireCapableBeanFactory.predictBeanType,1.1290
org.h2.engine.SessionLocal.prepareLocal,0.3712
java.lang.Class.getDeclaredFields0,0.7809
org.springframework.web.servlet.mvc.method.annotation.RequestMappingHandlerMapping.isHandler,0.4201
java.lang.invoke.DirectMethodHandle$Holder.invokeSpecial,0.4072
org.apache.catalina.webresources.DirResourceSet.<init>,0.3712
org.assertj.core.util.Lists.newArrayList,0.4020
org.springframework.context.annotation.ConditionEvaluator.collectConditions,0.7735
